OBJECTID,HOEHE,NAME,SPRACHCODE,LONGITUDE,LATITUDE,ELEVATION
1,2901,Piz Combul,Italienisch inkl. Lokalsprachen,10.043944784781406,46.22962343791417,2900.316211999998
2,3451,Piz Corvatsch,Rumantsch Grischun inkl. Lokalsprachen,9.81606682597377,46.40837302917678,3450.548711999998
3,3104,Piz la Stretta,Rumantsch Grischun inkl. Lokalsprachen,10.044810341192873,46.476761097034256,3103.5512119999985
4,3104,Monte Breva,Italienisch inkl. Lokalsprachen,10.044810341192873,46.476761097034256,3103.5512119999985
5,3026,Rötlspitz,Hochdeutsch inkl. Lokalsprachen,10.4573203264759,46.541880112821644,3025.311211999997
6,3026,Piz Cotschen,Rumantsch Grischun inkl. Lokalsprachen,10.4573203264759,46.541880112821644,3025.311211999997
7,3026,Punta Rosa,Italienisch inkl. Lokalsprachen,10.4573203264759,46.541880112821644,3025.311211999997
8,3103,Piz Cancian,Italienisch inkl. Lokalsprachen,9.999625860139934,46.28329221115238,3102.5850119999977
9,3363,Piz Fora,Italienisch inkl. Lokalsprachen,9.784729387172181,46.3408185391646,3362.433711999998
10,3453,Piz Varuna,Italienisch inkl. Lokalsprachen,9.993601608021804,46.35237889568644,3452.480011999998
11,3075,Piz Sena,Italienisch inkl. Lokalsprachen,10.109970777098447,46.3531556922042,3074.543711999997
12,3075,Vetta Sperella,Italienisch inkl. Lokalsprachen,10.109970777098447,46.3531556922042,3074.543711999997
13,2975,Piz Alv,Italienisch inkl. Lokalsprachen,9.99955365575798,46.44932956443595,2974.4562119999973
14,3154,Piz Chalchagn,Rumantsch Grischun inkl. Lokalsprachen,9.905834910314226,46.451394012173495,3153.562511999997
15,3188,Piz Surlej,Rumantsch Grischun inkl. Lokalsprachen,9.843121735390467,46.45321263211718,3187.907511999998
16,3049,Piz Minor,Rumantsch Grischun inkl. Lokalsprachen,10.028328180561166,46.451054198908075,3048.6900119999973
17,3167,Piz Albris,Rumantsch Grischun inkl. Lokalsprachen,9.963597765589252,46.4639494199968,3166.843711999998
18,3380,Piz Güglia,Rumantsch Grischun inkl. Lokalsprachen,9.75991189493712,46.491013900096625,3379.213711999997
19,3380,Piz Julier,Hochdeutsch inkl. Lokalsprachen,9.75991189493712,46.491013900096625,3379.213711999997
20,3153,Piz Prüna,Rumantsch Grischun inkl. Lokalsprachen,9.987276468871944,46.48724949378644,3152.475011999997
21,3246,Piz Ot,Rumantsch Grischun inkl. Lokalsprachen,9.810233233672372,46.543205085599595,3245.8687119999977
22,3125,Piz Schumbraida,Rumantsch Grischun inkl. Lokalsprachen,10.338184396956555,46.54273268680989,3124.321211999997
23,2963,Piz Turettas,Rumantsch Grischun inkl. Lokalsprachen,10.334752050831312,46.58691350007111,2962.5512119999985
24,3124,Piz Nuna,Rumantsch Grischun inkl. Lokalsprachen,10.154511589481022,46.723275160055664,3123.2837119999967
25,2980,Pischahorn,Hochdeutsch inkl. Lokalsprachen,9.94720078157393,46.81306242773312,2980.453711999997
26,3937,Piz Roseg,Rumantsch Grischun inkl. Lokalsprachen,9.882952036804724,46.37363129385927,3936.4625119999982
27,3900,Piz Palü,Rumantsch Grischun inkl. Lokalsprachen,9.960346694235625,46.37886570845506,3899.420011999997
28,4047,Piz Bernina,Rumantsch Grischun inkl. Lokalsprachen,9.908000987346663,46.38241331568261,4048.4950119999976
29,3606,Piz Cambrena,Italienisch inkl. Lokalsprachen,9.977453565627112,46.38737732480378,3604.986211999998
30,3264,Scima da Saoseo,Italienisch inkl. Lokalsprachen,10.158010413536376,46.38563016493802,3263.5062119999984
31,3751,Piz Morteratsch,Rumantsch Grischun inkl. Lokalsprachen,9.901541285494734,46.4025385545714,3750.433711999998
32,3302,Piz Paradisin,Italienisch inkl. Lokalsprachen,10.117223366156372,46.42604285299949,3301.6425119999967
33,3262,Piz Languard,Rumantsch Grischun inkl. Lokalsprachen,9.95652552212431,46.488437229638926,3261.428711999997
34,3056,Piz Nair,Rumantsch Grischun inkl. Lokalsprachen,9.787325205670871,46.50640817687022,3055.5112119999976
35,3199,Piz Vadret,Rumantsch Grischun inkl. Lokalsprachen,9.950897651534882,46.50884881243312,3198.527511999997
36,3104,Munt Cotschen,Rumantsch Grischun inkl. Lokalsprachen,10.042355238611176,46.51011672079197,3103.4450119999983
37,3230,Piz Bever,Rumantsch Grischun inkl. Lokalsprachen,9.759263295782523,46.522356578161194,3229.482511999997
38,3161,Piz Saluver,Rumantsch Grischun inkl. Lokalsprachen,9.795415161854889,46.530507837388726,3160.475011999997
39,2974,Piz Vaüglia,Rumantsch Grischun inkl. Lokalsprachen,10.019357050896932,46.55324016382224,2973.2962119999975
40,3061,Piz Bial,Rumantsch Grischun inkl. Lokalsprachen,9.75607159017185,46.55901701345369,3060.5287119999975
41,2952,Crasta Mora,Rumantsch Grischun inkl. Lokalsprachen,9.867830778506825,46.57148636984178,2951.498711999997
42,2963,Piz Mezzaun,Rumantsch Grischun inkl. Lokalsprachen,9.965206034929468,46.56972512386422,2962.520011999997
43,3004,Piz Costainas,Rumantsch Grischun inkl. Lokalsprachen,10.474884400752543,46.56228239702024,3003.425011999998
44,3004,Furkelspitz,Hochdeutsch inkl. Lokalsprachen,10.474884400752543,46.56228239702024,3003.425011999998
45,3071,Piz Chaschauna,Rumantsch Grischun inkl. Lokalsprachen,10.078673508066176,46.57512676942197,3070.187511999997
46,3071,Piz Casana,Italienisch inkl. Lokalsprachen,10.078673508066176,46.57512676942197,3070.187511999997
47,3180,Piz Murtaröl,Rumantsch Grischun inkl. Lokalsprachen,10.287472210119716,46.57034807770327,3179.9112119999972
48,3180,Cima la Casina,Italienisch inkl. Lokalsprachen,10.287472210119716,46.57034807770327,3179.9112119999972
49,2882,Piz Lad,Rumantsch Grischun inkl. Lokalsprachen,10.409754143640143,46.570993457379465,2881.4037119999975
50,3267,Piz Üertsch,Rumantsch Grischun inkl. Lokalsprachen,9.83638251523611,46.59641543019983,3266.4000119999982
51,3095,Piz Serra,Rumantsch Grischun inkl. Lokalsprachen,10.105533410127546,46.610796870269134,3094.5075119999983
52,3126,Piz da l'Acqua,Rumantsch Grischun inkl. Lokalsprachen,10.139012255249018,46.61101041108206,3125.4787119999983
53,3418,Piz d'Es-cha,Rumantsch Grischun inkl. Lokalsprachen,9.872784253384541,46.621305216165716,3417.441211999998
54,3418,Piz Kesch,Rumantsch Grischun inkl. Lokalsprachen,9.872784253384541,46.621305216165716,3417.441211999998
55,2968,Piz Daint,Rumantsch Grischun inkl. Lokalsprachen,10.290916017593984,46.618726386945326,2967.8150119999973
56,3127,Piz d'Esan,Rumantsch Grischun inkl. Lokalsprachen,10.060511182792041,46.62433247030507,3126.4675119999974
57,2763,Piz Chavalatsch,Rumantsch Grischun inkl. Lokalsprachen,10.492055791823795,46.61539102864425,2762.4775119999977
58,3165,Piz Quattervals,Rumantsch Grischun inkl. Lokalsprachen,10.094910030085934,46.627165413127315,3164.263711999998
59,2909,Piz Terza,Rumantsch Grischun inkl. Lokalsprachen,10.399832194381803,46.63857759542019,2908.0987119999972
60,2909,Urtirolaspitz,Hochdeutsch inkl. Lokalsprachen,10.399832194381803,46.63857759542019,2908.0987119999972
61,3020,Ducan Dador,Rumantsch Grischun inkl. Lokalsprachen,9.83018324423837,46.674873806526,3019.191211999998
62,3020,Gletscher Ducan,Hochdeutsch inkl. Lokalsprachen,9.83018324423837,46.674873806526,3019.191211999998
63,3077,Chüealphorn,Hochdeutsch inkl. Lokalsprachen,9.905387546122618,46.6853495385589,3076.5300119999974
64,3168,Piz Tavrü,Rumantsch Grischun inkl. Lokalsprachen,10.296063889506595,46.67915428445976,3167.5062119999984
65,3229,Piz Vadret,Rumantsch Grischun inkl. Lokalsprachen,9.962691290099169,46.687025364364146,3228.4487119999976
66,3063,Hoch Ducan,Hochdeutsch inkl. Lokalsprachen,9.851423912323167,46.68952998026679,3062.4600119999977
67,3063,Piz Ducan,Rumantsch Grischun inkl. Lokalsprachen,9.851423912323167,46.68952998026679,3062.4600119999977
68,3178,Piz Sarsura,Rumantsch Grischun inkl. Lokalsprachen,9.9944135186867,46.691175344921675,3177.465011999997
69,2906,Lenzer Horn,Rumantsch Grischun inkl. Lokalsprachen,9.595091916842435,46.709024075490575,2905.5387119999978
70,3167,Piz Plavna Dadaint,Rumantsch Grischun inkl. Lokalsprachen,10.223627987114478,46.70874157104473,3165.9850119999974
71,3204,Piz Sesvenna,Rumantsch Grischun inkl. Lokalsprachen,10.40279781834001,46.70593499667171,3203.487511999998
72,2908,Leidbachhorn,Hochdeutsch inkl. Lokalsprachen,9.822218327623425,46.72141361294575,2907.496211999998
73,2980,Aroser Rothorn,Rumantsch Grischun inkl. Lokalsprachen,9.613909378137606,46.737861019843876,2979.7400119999984
74,2815,Wuosthorn,Hochdeutsch inkl. Lokalsprachen,9.877882931088054,46.73457684152422,2814.537511999997
75,3146,Schwarzhorn,Rumantsch Grischun inkl. Lokalsprachen,9.94170639220141,46.73576555184868,3145.527511999997
76,3092,Piz Cristanas,Rumantsch Grischun inkl. Lokalsprachen,10.392070796314266,46.73451254931233,3091.4087119999967
77,3099,Piz Madlain,Rumantsch Grischun inkl. Lokalsprachen,10.339065566664653,46.73960948781344,3098.0962119999967
78,3173,Piz Pisoc,Rumantsch Grischun inkl. Lokalsprachen,10.279496691462722,46.74449090465782,3172.4712119999967
79,3085,Flüela Wisshorn,Hochdeutsch inkl. Lokalsprachen,9.966625800432178,46.76212315616143,3084.8075119999976
80,2781,Tiejer Flue,Hochdeutsch inkl. Lokalsprachen,9.734584280762656,46.780950713945245,2780.875011999997
81,3105,Piz Lischana,Rumantsch Grischun inkl. Lokalsprachen,10.345259683867486,46.769549115142674,3105.1262119999974
82,3410,Piz Linard,Rumantsch Grischun inkl. Lokalsprachen,10.07143324574349,46.79894215698057,3409.7212119999967
83,2843,Weissfluh,Hochdeutsch inkl. Lokalsprachen,9.794198705179086,46.83521364946721,2843.4437119999984
84,3312,Piz Buin Grond,Rumantsch Grischun inkl. Lokalsprachen,10.11887725817306,46.84412104802323,3311.5575119999976
85,3028,Bündner Vorab,Hochdeutsch inkl. Lokalsprachen,9.156782896725854,46.87392461381569,3026.2125119999982
86,3018,Glarner Vorab,Hochdeutsch inkl. Lokalsprachen,9.152920277286471,46.87987600051819,3016.5062119999984
87,3230,Piz Blaisch Lunga,Rumantsch Grischun inkl. Lokalsprachen,10.203853567155099,46.86462341770501,3229.6200119999976
88,3230,Augstenberg,Hochdeutsch inkl. Lokalsprachen,10.203853567155099,46.86462341770501,3229.6200119999976
89,2887,Schildflue,Hochdeutsch inkl. Lokalsprachen,9.956700048240187,46.880785541679685,2886.982511999997
90,3247,Ringelspitz,Hochdeutsch inkl. Lokalsprachen,9.343085676564261,46.89827499224583,3246.982511999997
91,3247,Piz Barghis,Rumantsch Grischun inkl. Lokalsprachen,9.343085676564261,46.89827499224583,3246.982511999997
92,3109,Gross Litzner,Hochdeutsch inkl. Lokalsprachen,10.038247514336767,46.88645619274251,3108.622511999998
93,2804,Haldensteiner Calanda,Hochdeutsch inkl. Lokalsprachen,9.467271713369202,46.89988979073254,2805.0175119999967
94,3099,Piz Segnas,Rumantsch Grischun inkl. Lokalsprachen,9.239704042028201,46.90789624930585,3098.202511999998
95,3398,Piz Fenga,Rumantsch Grischun inkl. Lokalsprachen,10.227436899600924,46.890716451811834,3397.121211999998
96,3398,Fluchthorn,Hochdeutsch inkl. Lokalsprachen,10.227436899600924,46.890716451811834,3397.121211999998
97,3056,Piz Sardona,Rumantsch Grischun inkl. Lokalsprachen,9.251597581577556,46.922730915400805,3057.0012119999974
98,3056,Surenstock,Hochdeutsch inkl. Lokalsprachen,9.251597581577556,46.922730915400805,3057.0012119999974
99,3296,Muttler,Hochdeutsch inkl. Lokalsprachen,10.378732846709386,46.90066304207402,3295.1187119999977
100,2825,Madrisahorn,Hochdeutsch inkl. Lokalsprachen,9.872175471287578,46.93106841965175,2825.8150119999973
101,2844,Pizol,Rumantsch Grischun inkl. Lokalsprachen,9.386717352719701,46.95916003616178,2843.465011999997
102,2817,Sulzfluh,Hochdeutsch inkl. Lokalsprachen,9.839733712264104,47.01267751437671,2816.6600119999985
103,2965,Schesaplana,Rumantsch Grischun inkl. Lokalsprachen,9.707392230782249,47.05383275478272,2964.5175119999967
104,2502,Säntis,Hochdeutsch inkl. Lokalsprachen,9.343239822860319,47.249425905231064,2501.7737119999983
105,3192,Pizzo Rotondo,Italienisch inkl. Lokalsprachen,8.46612821394812,46.51757464578747,3191.2387119999985
106,2929,Uri Rotstock,Hochdeutsch inkl. Lokalsprachen,8.535210632013847,46.86176241494938,2928.828711999997
107,2952,Brunnistock,Hochdeutsch inkl. Lokalsprachen,8.55001182856939,46.847707436277666,2951.5862119999983
108,2700,Rotsandnollen,Hochdeutsch inkl. Lokalsprachen,8.344084738222273,46.8006766168034,2700.0975119999985
109,3198,Gross Spannort,Hochdeutsch inkl. Lokalsprachen,8.524598689477166,46.78676914809696,3197.590011999997
110,3238,Titlis,Hochdeutsch inkl. Lokalsprachen,8.437780118333272,46.772038519031355,3237.902511999997
111,2994,Fünffingerstöck,Hochdeutsch inkl. Lokalsprachen,8.436264096104978,46.75217196433027,2993.277511999997
112,2580,Tällistock,Hochdeutsch inkl. Lokalsprachen,8.324881013660463,46.745487880965264,2579.3425119999974
113,3502,Sustenhorn,Hochdeutsch inkl. Lokalsprachen,8.455120401723478,46.69893174771924,3501.340011999997
114,2923,Mährenhorn,Hochdeutsch inkl. Lokalsprachen,8.31082834417323,46.69177461520279,2922.9775119999977
115,2928,Schwarzhoren,Hochdeutsch inkl. Lokalsprachen,8.075562964437708,46.68609636073274,2927.355011999998
116,3554,Eggstock,Hochdeutsch inkl. Lokalsprachen,8.418258325407242,46.65218649400378,3553.3462119999967
117,3608,Schneestock,Hochdeutsch inkl. Lokalsprachen,8.421996377221245,46.64790196084875,3607.527511999997
118,3282,Ritzlihoren,Hochdeutsch inkl. Lokalsprachen,8.258859247731497,46.6322717800937,3276.6712119999975
119,4078,Schreckhorn,Hochdeutsch inkl. Lokalsprachen,8.118141855294214,46.589893132922256,4077.9000119999982
120,2777,Schwalmere,Hochdeutsch inkl. Lokalsprachen,7.816743843809555,46.592908249772286,2776.576211999998
121,3247,Bächlistock,Hochdeutsch inkl. Lokalsprachen,8.23952366451702,46.58657918209366,3246.185011999998
122,4042,Lauteraarhorn,Hochdeutsch inkl. Lokalsprachen,8.12831021486855,46.5833025112532,4041.043711999997
123,3970,Eiger,Hochdeutsch inkl. Lokalsprachen,8.005282622491247,46.577597799074105,3969.4762119999978
124,4107,Mönch,Hochdeutsch inkl. Lokalsprachen,7.9972721073299455,46.55849786722709,4106.471211999997
125,3099,Gross Muttenhorn,Hochdeutsch inkl. Lokalsprachen,8.42714774919296,46.54655672485409,3098.641211999997
126,4158,Jungfrau,Hochdeutsch inkl. Lokalsprachen,7.962589612108931,46.536782383328514,4157.920011999997
127,3436,Gspaltenhorn,Hochdeutsch inkl. Lokalsprachen,7.827278990066247,46.51159474554578,3435.5687119999984
128,4010,Lagginhorn,Hochdeutsch inkl. Lokalsprachen,8.003080682614842,46.157055485193446,4009.7575119999983
129,2762,Albristhore,Hochdeutsch inkl. Lokalsprachen,7.48932687386953,46.49712104452972,2761.662511999997
130,3892,Mittaghorn,Hochdeutsch inkl. Lokalsprachen,7.932608771292959,46.49820910012473,3891.885011999997
131,3754,Grosshorn,Hochdeutsch inkl. Lokalsprachen,7.910051093053557,46.48698887463015,3753.687511999997
132,3780,Breithorn,Hochdeutsch inkl. Lokalsprachen,7.876799932863537,46.47852713106291,3779.0925119999974
133,4193,Aletschhorn,Hochdeutsch inkl. Lokalsprachen,7.9936705750761785,46.46514887102221,4192.862511999998
134,3797,Schinhorn,Hochdeutsch inkl. Lokalsprachen,7.946623670271098,46.4515629467787,3796.1662119999983
135,3740,Geisshorn,Hochdeutsch inkl. Lokalsprachen,8.005638219764029,46.44104445899182,3739.5012119999974
136,3146,Steghorn,Hochdeutsch inkl. Lokalsprachen,7.584101509345776,46.416756605696186,3145.9500119999975
137,3629,Altels,Hochdeutsch inkl. Lokalsprachen,7.678449046364475,46.4289399377211,3628.7000119999975
138,3243,Grossstrubel,Hochdeutsch inkl. Lokalsprachen,7.562417013305554,46.41246614025105,3242.4387119999974
139,3699,Balmhorn,Hochdeutsch inkl. Lokalsprachen,7.693517845911887,46.42506250763212,3698.1537119999975
140,3236,Ofenhorn,Hochdeutsch inkl. Lokalsprachen,8.318627351123535,46.386425526139746,3235.760011999997
141,3236,Punta d'Arbola,Italienisch inkl. Lokalsprachen,8.318627351123535,46.386425526139746,3235.760011999997
142,3785,Breithorn,Hochdeutsch inkl. Lokalsprachen,7.893863577253977,46.41895504044516,3784.481211999997
143,3821,Nesthorn,Hochdeutsch inkl. Lokalsprachen,7.9259950862534145,46.41315536807467,3819.8375119999982
144,3448,Rinderhorn,Hochdeutsch inkl. Lokalsprachen,7.654301759569354,46.41355499761616,3447.8425119999974
145,3244,Wildstrubel,Hochdeutsch inkl. Lokalsprachen,7.528630728499307,46.40034351112105,3243.0700119999983
146,2748,Batnall,Hochdeutsch inkl. Lokalsprachen,8.440487104546314,46.304151200252285,2748.0650119999973
147,2748,Madone,Italienisch inkl. Lokalsprachen,8.440487104546314,46.304151200252285,2748.0650119999973
148,3180,Ferdenrothorn,Hochdeutsch inkl. Lokalsprachen,7.707243053289207,46.408458907938034,3179.7400119999984
149,3934,Bietschhorn,Hochdeutsch inkl. Lokalsprachen,7.85076690579069,46.3915561280064,3933.141211999997
150,2548,Le Tarent,Franzoesisch inkl. Lokalsprachen,7.147559274701507,46.38207851605569,2547.7275119999977
151,3307,Wilerhorn,Hochdeutsch inkl. Lokalsprachen,7.8105751241750365,46.37859386432769,3306.122511999998
152,3374,Corno Cieco,Italienisch inkl. Lokalsprachen,8.30770729747382,46.42588218539169,3373.7437119999977
153,3374,Blinnenhorn,Hochdeutsch inkl. Lokalsprachen,8.30770729747382,46.42588218539169,3373.7437119999977
154,2924,Mont Brun,Franzoesisch inkl. Lokalsprachen,7.261853634883823,46.33746035452955,2924.0062119999984
155,2924,Sanetschhore,Hochdeutsch inkl. Lokalsprachen,7.261853634883823,46.33746035452955,2924.0062119999984
156,2912,Cristallina,Italienisch inkl. Lokalsprachen,8.536711113249314,46.464746339413814,2911.576211999998
157,2904,Tête à Pierre Grept,Franzoesisch inkl. Lokalsprachen,7.1552020426064145,46.25277392727556,2903.2062119999973
158,2969,Haut de Cry,Franzoesisch inkl. Lokalsprachen,7.195043184986555,46.24026583936854,2968.9262119999985
159,3025,Bella Tola,Franzoesisch inkl. Lokalsprachen,7.653718260676785,46.23907448058049,3024.7262119999978
160,3051,Grand Muveran,Franzoesisch inkl. Lokalsprachen,7.1261464842559255,46.23718274302848,3050.9225119999974
161,2899,Grand Chavalard,Franzoesisch inkl. Lokalsprachen,7.113029344872881,46.17866312125546,2898.9562119999973
162,2864,Poncione di Braga,Italienisch inkl. Lokalsprachen,8.543017127947598,46.43441677003771,2863.855011999998
163,3985,Fletschhorn,Hochdeutsch inkl. Lokalsprachen,8.0024849314226,46.16717294352722,3984.758711999997
164,3149,Becs de Bosson,Franzoesisch inkl. Lokalsprachen,7.518969283140378,46.1680982042324,3148.7175119999974
165,3609,Les Diablons,Franzoesisch inkl. Lokalsprachen,7.670897206658704,46.142459069998615,3607.9037119999975
166,3238,Grand Golliat,Franzoesisch inkl. Lokalsprachen,7.101474398759723,45.85919702331532,3237.117511999997
167,3518,Mont Gelé,Franzoesisch inkl. Lokalsprachen,7.366083696623272,45.90414455137041,3517.683711999998
168,2652,Männliflue,Hochdeutsch inkl. Lokalsprachen,7.546659636934273,46.551295089467054,2652.1487119999983
169,3210,Sommet des Diablerets,Franzoesisch inkl. Lokalsprachen,7.189108906615863,46.30390485359144,3209.7800119999974
170,3049,Vordere Loner,Hochdeutsch inkl. Lokalsprachen,7.6001033637174125,46.46196629535341,3048.1725119999974
171,3257,Haute Cime,Franzoesisch inkl. Lokalsprachen,6.9232443224785065,46.16108047372713,3256.9775119999977
172,4274,Finsteraarhorn,Hochdeutsch inkl. Lokalsprachen,8.126167322255439,46.537301239292574,4273.311211999997
173,2863,Wandfluhhorn,Hochdeutsch inkl. Lokalsprachen,8.464172112803956,46.34464341018044,2863.0387119999978
174,2863,Pizzo Bìela,Italienisch inkl. Lokalsprachen,8.464172112803956,46.34464341018044,2863.0387119999978
175,2681,Faulhorn,Hochdeutsch inkl. Lokalsprachen,7.999076531291152,46.67483497971121,2680.4725119999985
176,2831,Le Cheval Blanc,Franzoesisch inkl. Lokalsprachen,6.872761174454493,46.05192903191561,2830.9037119999975
177,3220,Tour Sallière,Franzoesisch inkl. Lokalsprachen,6.924599925528323,46.12686329486722,3219.9262119999985
178,3084,Mont Rogneux,Franzoesisch inkl. Lokalsprachen,7.230808666594643,46.00952051121867,3083.746211999998
179,3663,Petit Combin,Franzoesisch inkl. Lokalsprachen,7.267709099803663,45.98402549902834,3662.857511999997
180,3490,Pointe de Vouasson,Franzoesisch inkl. Lokalsprachen,7.425450567837595,46.0713525836191,3489.4050119999974
181,3418,Grande Dent de Veisivi,Franzoesisch inkl. Lokalsprachen,7.527922399367861,46.05077994633547,3417.850011999997
182,3962,Grand Cornier,Franzoesisch inkl. Lokalsprachen,7.611542017859461,46.052109783150605,3961.305011999997
183,4092,Punta Polluce,Italienisch inkl. Lokalsprachen,7.785287006619173,45.92780444409201,4090.8312119999973
184,4092,Pollux,Hochdeutsch inkl. Lokalsprachen,7.785287006619173,45.92780444409201,4090.8312119999973
185,2760,Pizzo Massari,Italienisch inkl. Lokalsprachen,8.683229780479659,46.475947137645655,2759.6100119999974
186,2747,Schenadüi,Italienisch inkl. Lokalsprachen,8.748673799794094,46.55245470635764,2746.3350119999977
187,3661,Blüemlisalphorn,Hochdeutsch inkl. Lokalsprachen,7.771769361557302,46.48876842451518,3660.1187119999977
188,3178,Cime de l'Est,Franzoesisch inkl. Lokalsprachen,6.948038632080631,46.17282565721189,3177.9937119999977
189,3057,Grand Ruan,Franzoesisch inkl. Lokalsprachen,6.9029762262624965,46.124292277515266,3056.782511999998
190,3057,Mont Ruan,Franzoesisch inkl. Lokalsprachen,6.9029762262624965,46.124292277515266,3056.782511999998
191,2915,Bächistock,Hochdeutsch inkl. Lokalsprachen,8.989097013313954,46.992892365136626,2915.0575119999976
192,2764,Höch Windgällen,Hochdeutsch inkl. Lokalsprachen,8.791757326012162,46.88793430983859,2763.6362119999976
193,2928,Six Madun,Rumantsch Grischun inkl. Lokalsprachen,8.663675670112951,46.622511562260016,2927.7262119999978
194,2928,Badus,Rumantsch Grischun inkl. Lokalsprachen,8.663675670112951,46.622511562260016,2927.7262119999978
195,2946,Wissensteinhorn,Hochdeutsch inkl. Lokalsprachen,9.228530822476559,46.62343249984839,2945.487511999998
196,2946,Piz Tomül,Rumantsch Grischun inkl. Lokalsprachen,9.228530822476559,46.62343249984839,2945.487511999998
197,2929,Bärenhorn,Hochdeutsch inkl. Lokalsprachen,9.231972094981762,46.575491203939094,2928.2287119999983
198,2586,Pizzo Molare,Italienisch inkl. Lokalsprachen,8.86506070847695,46.48861651974923,2585.451211999998
199,2972,Piz Curvér,Rumantsch Grischun inkl. Lokalsprachen,9.497101443059748,46.603426841896706,2971.9137119999978
200,2880,Piz Fess,Rumantsch Grischun inkl. Lokalsprachen,9.288865469247817,46.72762300136114,2880.861211999998
201,3256,Gross Düssi,Hochdeutsch inkl. Lokalsprachen,8.82767893434373,46.79162793280118,3255.7350119999974
202,3256,Piz Git,Rumantsch Grischun inkl. Lokalsprachen,8.82767893434373,46.79162793280118,3255.7350119999974
203,3159,Piz Mitgel,Rumantsch Grischun inkl. Lokalsprachen,9.646564847044592,46.6142533890789,3158.260011999997
204,3173,Tinzenhorn,Hochdeutsch inkl. Lokalsprachen,9.671322303832055,46.61205819132128,3172.465011999997
205,3173,Corn da Tinizong,Rumantsch Grischun inkl. Lokalsprachen,9.671322303832055,46.61205819132128,3172.465011999997
206,3339,Piz Ela,Rumantsch Grischun inkl. Lokalsprachen,9.707630821290012,46.60195505349736,3338.420011999997
207,3128,Piz Bleis Marscha,Rumantsch Grischun inkl. Lokalsprachen,9.719747955562108,46.57007715844044,3127.4950119999976
208,3262,Piz Forbesch,Rumantsch Grischun inkl. Lokalsprachen,9.559167980899971,46.5203312654796,3261.263711999998
209,2910,Piz Neir,Rumantsch Grischun inkl. Lokalsprachen,9.680180065529864,46.4843958148347,2909.0387119999978
210,3203,Piz Arblatsch,Rumantsch Grischun inkl. Lokalsprachen,9.576967562564668,46.53551643221854,3202.4762119999978
211,3397,Piz Calderas,Rumantsch Grischun inkl. Lokalsprachen,9.695961072403128,46.536435099861805,3396.4400119999973
212,3378,Piz d'Err,Rumantsch Grischun inkl. Lokalsprachen,9.691497429781247,46.5451854507567,3377.8137119999974
213,3204,Piz d'Agnel,Rumantsch Grischun inkl. Lokalsprachen,9.702238536889755,46.51145345204814,3203.5012119999974
214,3392,Piz Platta,Rumantsch Grischun inkl. Lokalsprachen,9.561662144628245,46.48706420737612,3391.468711999998
215,3165,Piz Lagrev,Rumantsch Grischun inkl. Lokalsprachen,9.723001034586618,46.44569774742053,3164.0812119999973
216,3164,Mazzaspitz,Hochdeutsch inkl. Lokalsprachen,9.573988736674806,46.46512804087511,3163.5987119999972
217,3018,Piz Turba,Italienisch inkl. Lokalsprachen,9.60566830977421,46.410279585600776,3017.545011999997
218,3159,Piz da la Margna,Italienisch inkl. Lokalsprachen,9.730000077971557,46.381951140623045,3158.5562119999977
219,3053,Piz Piot,Italienisch inkl. Lokalsprachen,9.586904714078052,46.40286903283034,3052.5350119999985
220,3244,Piz Bacun,Italienisch inkl. Lokalsprachen,9.682336653719068,46.34231097104697,3243.5012119999974
221,2932,Piz Grevasalvas,Rumantsch Grischun inkl. Lokalsprachen,9.674435663884115,46.42288478403613,2931.6025119999977
222,2927,Piz d'Emmat Dadaint,Rumantsch Grischun inkl. Lokalsprachen,9.703832872233482,46.44070474784404,2926.5525119999984
223,2780,Piz Lunghin,Italienisch inkl. Lokalsprachen,9.67028913179621,46.41051036170106,2779.5875119999982
224,3107,Gletscherhorn,Hochdeutsch inkl. Lokalsprachen,9.560631926313441,46.38744758263922,3106.5187119999973
225,3131,Piz Duan,Italienisch inkl. Lokalsprachen,9.58316450638898,46.37531721681405,3130.5075119999983
226,3214,Monte del Forno,Italienisch inkl. Lokalsprachen,9.72471876857718,46.33826355452402,3213.515011999998
227,3379,Cima di Castello,Italienisch inkl. Lokalsprachen,9.677459090240676,46.30186252865768,3378.6612119999972
228,3302,Pizzo Badile,Italienisch inkl. Lokalsprachen,9.586320492851184,46.29531061556294,3306.998711999997
229,3369,Pizzo Cengalo,Italienisch inkl. Lokalsprachen,9.601960645543874,46.29491286346007,3368.7800119999974
230,3383,Tieralplistock,Hochdeutsch inkl. Lokalsprachen,8.37497869328183,46.63310778232327,3382.6637119999978
231,3692,Wetterhorn,Hochdeutsch inkl. Lokalsprachen,8.115546704107958,46.6387551471371,3691.5225119999977
232,3588,Hinterer Rhonestock,Hochdeutsch inkl. Lokalsprachen,8.419279056327323,46.63418813630816,3587.3150119999973
233,3515,Tiefenstock,Hochdeutsch inkl. Lokalsprachen,8.422360789115011,46.62726528041091,3514.9000119999982
234,3630,Dammastock,Hochdeutsch inkl. Lokalsprachen,8.421079897729316,46.643481649204496,3629.7787119999975
235,3586,Galenstock,Hochdeutsch inkl. Lokalsprachen,8.416957723631224,46.61261857970096,3585.6200119999976
236,4044,Grosses Grünhorn,Hochdeutsch inkl. Lokalsprachen,8.077722846920723,46.531995699994376,4043.1812119999977
237,3630,Oberaarhorn,Hochdeutsch inkl. Lokalsprachen,8.174497965828618,46.53140734186828,3629.812511999997
238,3638,Doldenhorn,Hochdeutsch inkl. Lokalsprachen,7.734911601627536,46.46853622299657,3637.9162119999983
239,3272,Helsenhorn,Hochdeutsch inkl. Lokalsprachen,8.191618069437459,46.304793018285665,3271.793711999997
240,3194,Bortelhorn,Hochdeutsch inkl. Lokalsprachen,8.125639579124957,46.294566183179334,3193.1362119999976
241,3194,Punta del Rebbio,Italienisch inkl. Lokalsprachen,8.125639579124957,46.294566183179334,3193.1362119999976
242,3176,Ober Rappehorn,Hochdeutsch inkl. Lokalsprachen,8.269917889023844,46.410458675803895,3175.617511999997
243,3248,Wildhorn,Hochdeutsch inkl. Lokalsprachen,7.360744565685089,46.35454816820981,3247.595011999998
244,3123,Oldehore,Hochdeutsch inkl. Lokalsprachen,7.221468669177574,46.32924798316124,3122.6662119999983
245,3123,Becca d'Audon,Franzoesisch inkl. Lokalsprachen,7.221468669177574,46.32924798316124,3122.6662119999983
246,3201,Schwarzhorn,Hochdeutsch inkl. Lokalsprachen,7.756808718439629,46.21677469867393,3200.7850119999985
247,2969,Grande Dent de Morcles,Franzoesisch inkl. Lokalsprachen,7.07548750998467,46.199335979373636,2968.9600119999977
248,3626,Gross Bigerhorn,Hochdeutsch inkl. Lokalsprachen,7.8703707351400665,46.14514786216925,3625.5525119999984
249,3714,La Singla,Franzoesisch inkl. Lokalsprachen,7.471919540520919,45.94575069462382,3713.766211999997
250,2963,Pizzo Lucendro,Italienisch inkl. Lokalsprachen,8.519472570447734,46.538903589731326,2962.730011999998
251,3036,Arpelistock,Hochdeutsch inkl. Lokalsprachen,7.315236317642867,46.34385386214935,3035.0850119999977
252,3272,Basòdino,Italienisch inkl. Lokalsprachen,8.468441175281326,46.411563578085136,3272.010011999997
253,3213,Le Métailler,Franzoesisch inkl. Lokalsprachen,7.360405463034813,46.10404658828698,3212.492511999997
254,4357,Dent Blanche,Franzoesisch inkl. Lokalsprachen,7.611929594989884,46.0342557561967,4356.752511999997
255,3637,Mont Collon,Franzoesisch inkl. Lokalsprachen,7.507455372530815,45.97707122260308,3636.8462119999967
256,3870,Mont Blanc de Cheilon,Franzoesisch inkl. Lokalsprachen,7.417356631323382,45.99314716742418,3869.5462119999975
257,3790,Pigne d'Arolla,Franzoesisch inkl. Lokalsprachen,7.455063696569914,45.991386146185654,3788.9500119999975
258,3704,Le Pleureur,Franzoesisch inkl. Lokalsprachen,7.369147362129521,46.01624356868843,3703.6987119999976
259,3531,Bec d'Epicoune,Franzoesisch inkl. Lokalsprachen,7.422351787338255,45.91467090137575,3530.890011999998
260,4314,Combin de Grafeneire,Franzoesisch inkl. Lokalsprachen,7.299235186550533,45.93758660695636,4313.338711999997
261,3403,Pointe d'Otemma,Franzoesisch inkl. Lokalsprachen,7.397798363959336,45.943486802576324,3402.855011999998
262,3329,Mont Fort,Franzoesisch inkl. Lokalsprachen,7.318712573872255,46.08055100530223,3328.787511999997
263,3336,Rosablanche,Franzoesisch inkl. Lokalsprachen,7.3541666616783585,46.060502739192096,3335.867511999997
264,3676,Dent de Perroc,Franzoesisch inkl. Lokalsprachen,7.523187674580281,46.03942940597728,3675.7237119999972
265,3668,Aiguille de la Tsa,Franzoesisch inkl. Lokalsprachen,7.522268786504102,46.02149915591967,3667.078711999997
266,4063,Ober Gabelhorn,Hochdeutsch inkl. Lokalsprachen,7.668049002742509,46.03854602978428,4062.3537119999983
267,3796,Balfrin,Hochdeutsch inkl. Lokalsprachen,7.880273027642297,46.13515163879275,3795.187511999997
268,4017,Weissmies,Hochdeutsch inkl. Lokalsprachen,8.011986273037769,46.127693763317225,4016.6362119999976
269,4199,Rimpfischhorn,Hochdeutsch inkl. Lokalsprachen,7.883933111471037,46.02311794879299,4198.737511999998
270,4190,Strahlhorn,Hochdeutsch inkl. Lokalsprachen,7.902033630019356,46.01317997894767,4189.8012119999985
271,3532,Stockhorn,Hochdeutsch inkl. Lokalsprachen,7.837881530054655,45.98563083007245,3531.633711999997
272,4164,Breithorn,Hochdeutsch inkl. Lokalsprachen,7.747655436303528,45.94101003684363,4162.920011999997
273,3833,Brunegghorn,Hochdeutsch inkl. Lokalsprachen,7.745780161981426,46.12590579319018,3832.0800119999967
274,4506,Weisshorn,Hochdeutsch inkl. Lokalsprachen,7.716066940612068,46.101244713222684,4505.668711999997
275,3610,Üssers Barrhorn,Hochdeutsch inkl. Lokalsprachen,7.734079589146511,46.15592165848552,3609.701211999998
276,3583,Inners Barrhorn,Hochdeutsch inkl. Lokalsprachen,7.737304448472234,46.14970653830578,3582.7525119999973
277,4491,Täschhorn,Hochdeutsch inkl. Lokalsprachen,7.857191124307284,46.083429586435976,4490.648711999998
278,4545,Dom,Hochdeutsch inkl. Lokalsprachen,7.8588387508325,46.09398380451816,4544.703711999997
279,4327,Nadelhorn,Hochdeutsch inkl. Lokalsprachen,7.8640538415655525,46.1088769450141,4326.508711999997
280,3406,Mettelhorn,Hochdeutsch inkl. Lokalsprachen,7.74168224811991,46.05564537940602,3405.720011999998
281,4221,Zinalrothorn,Hochdeutsch inkl. Lokalsprachen,7.6901199081079605,46.06483212447338,4220.643711999997
282,4206,Alphubel,Hochdeutsch inkl. Lokalsprachen,7.863819470785419,46.062878812856994,4205.7787119999975
283,4027,Allalinhorn,Hochdeutsch inkl. Lokalsprachen,7.894594202947595,46.0460936383505,4026.7175119999974
284,3436,Stellihorn,Hochdeutsch inkl. Lokalsprachen,8.001062464845663,46.03621775645074,3435.8062119999977
285,3402,Rheinwaldhorn,Hochdeutsch inkl. Lokalsprachen,9.040202377690719,46.49374831444507,3401.776211999997
286,3402,Adula,Italienisch inkl. Lokalsprachen,9.040202377690719,46.49374831444507,3401.776211999997
287,3072,Pizzo Campo Tencia,Italienisch inkl. Lokalsprachen,8.725895892378809,46.42976660974095,3071.428711999997
288,2735,Monte Zucchero,Italienisch inkl. Lokalsprachen,8.71412926839921,46.35415645118797,2735.107511999997
289,2773,Pizzo del Sole,Italienisch inkl. Lokalsprachen,8.767890341401085,46.52507040041578,2773.0012119999974
290,3048,Lorenzhorn,Hochdeutsch inkl. Lokalsprachen,9.127892002152262,46.526720646627865,3047.8637119999985
291,3060,Piz Grisch,Rumantsch Grischun inkl. Lokalsprachen,9.472883221950584,46.53121217034865,3059.0250119999982
292,3279,Pizzo Tambo,Italienisch inkl. Lokalsprachen,9.283303988260856,46.496981435511124,3278.885011999997
293,3155,Zapporthorn,Hochdeutsch inkl. Lokalsprachen,9.11277854258133,46.479631527587124,3154.651211999997
294,3107,Pizz Gallagiun,Italienisch inkl. Lokalsprachen,9.487703183699,46.3669148241093,3106.9162119999983
295,2956,Torrone Alto,Italienisch inkl. Lokalsprachen,9.073683983581377,46.34490298906227,2955.5512119999985
296,2956,Torent Alto,Italienisch inkl. Lokalsprachen,9.073683983581377,46.34490298906227,2955.5512119999985
297,3906,Grosses Wannenhorn,Hochdeutsch inkl. Lokalsprachen,8.097114632963432,46.4938492300184,3905.4662119999975
298,4634,Dufourspitze,Hochdeutsch inkl. Lokalsprachen,7.866756959880037,45.936923663029056,4633.497511999998
299,4634,Punta Dufour,Italienisch inkl. Lokalsprachen,7.866756959880037,45.936923663029056,4633.497511999998
300,4634,Pointe Dufour,Franzoesisch inkl. Lokalsprachen,7.866756959880037,45.936923663029056,4633.497511999998
301,3187,Gross Windgällen,Hochdeutsch inkl. Lokalsprachen,8.732090668536863,46.807258164329056,3186.862511999998
302,3267,Clariden,Hochdeutsch inkl. Lokalsprachen,8.871229020652006,46.842036855494314,3267.0737119999976
303,3297,Gross Schärhorn,Hochdeutsch inkl. Lokalsprachen,8.82947422793163,46.82695695526519,3296.327511999998
304,3158,Hausstock,Hochdeutsch inkl. Lokalsprachen,9.065619645629146,46.87429682910904,3157.781211999998
305,3613,Piz Russein,Rumantsch Grischun inkl. Lokalsprachen,8.914637249700837,46.811187892954145,3612.2262119999978
306,3571,Glarner Tödi,Hochdeutsch inkl. Lokalsprachen,8.921948543676823,46.81043614113492,3570.197511999997
307,3073,Bristen,Hochdeutsch inkl. Lokalsprachen,8.681353299724927,46.73689595005045,3072.9325119999976
308,3096,Piz Giuv,Rumantsch Grischun inkl. Lokalsprachen,8.692579333698154,46.70185036927649,3095.862511999998
309,3096,Schattig Wichel,Hochdeutsch inkl. Lokalsprachen,8.692579333698154,46.70185036927649,3095.862511999998
310,3328,Piz Tgietschen,Rumantsch Grischun inkl. Lokalsprachen,8.769458186907176,46.74271297277414,3327.9487119999976
311,3328,Oberalpstock,Hochdeutsch inkl. Lokalsprachen,8.769458186907176,46.74271297277414,3327.9487119999976
312,2717,Ortstock,Hochdeutsch inkl. Lokalsprachen,8.948200358560609,46.92538690768185,2716.3075119999976
313,3040,Piz Gannaretsch,Rumantsch Grischun inkl. Lokalsprachen,8.786431909680434,46.612024644370116,3039.555011999997
314,3190,Scopi,Rumantsch Grischun inkl. Lokalsprachen,8.829999135012912,46.57171203336807,3189.652511999997
315,3016,Piz Rondadura,Rumantsch Grischun inkl. Lokalsprachen,8.750755217599124,46.57621260787404,3015.5575119999976
316,3019,Piz Blas,Rumantsch Grischun inkl. Lokalsprachen,8.72798555571678,46.577076098383166,3018.691211999998
317,3007,Piz Ravetsch,Rumantsch Grischun inkl. Lokalsprachen,8.70318832657169,46.58431362842863,3006.130011999998
318,2999,Pizzo Centrale,Italienisch inkl. Lokalsprachen,8.614937724059892,46.57815630015283,2998.923711999998
319,3210,Piz Medel,Rumantsch Grischun inkl. Lokalsprachen,8.911162821121748,46.61825342864899,3209.312511999997
320,3149,Piz Terri,Rumantsch Grischun inkl. Lokalsprachen,9.034073363618706,46.60002766705995,3148.8762119999974
321,3121,Piz Aul,Rumantsch Grischun inkl. Lokalsprachen,9.125055719856519,46.622784759753436,3120.7100119999977
322,2998,Piz Beverin,Rumantsch Grischun inkl. Lokalsprachen,9.357918829817983,46.65255521082694,2997.480011999998
323,4049,Grosses Fiescherhorn,Hochdeutsch inkl. Lokalsprachen,8.06148627833259,46.55133284700115,4048.4775119999977
324,3419,Piz Durschin,Rumantsch Grischun inkl. Lokalsprachen,8.957492756690362,46.8041957787323,3418.1475119999977
325,3419,Bifertenstock,Hochdeutsch inkl. Lokalsprachen,8.957492756690362,46.8041957787323,3418.1475119999977
326,3566,Vorderer Rhonestock,Hochdeutsch inkl. Lokalsprachen,8.419803023223405,46.63141692039596,3565.7262119999978
327,3366,Cima di Rosso,Italienisch inkl. Lokalsprachen,9.718399984583222,46.306491268157494,3365.5025119999973
328,3289,Cima della Bondasca,Italienisch inkl. Lokalsprachen,9.622290728778557,46.287798608753704,3288.6200119999976
329,3656,Pizzo d'Andolla,Italienisch inkl. Lokalsprachen,8.03476214312674,46.10076874930048,3655.803711999997
330,4223,Castor,Hochdeutsch inkl. Lokalsprachen,7.793247829655092,45.92082152861096,4222.790011999998
331,4223,Punta Castore,Italienisch inkl. Lokalsprachen,7.793247829655092,45.92082152861096,4222.790011999998
332,2933,Botta dal Tiroler,Rumantsch Grischun inkl. Lokalsprachen,9.750833197800555,46.483340747535614,2932.9150119999977
333,3540,Aiguilles du Tour,Franzoesisch inkl. Lokalsprachen,7.011165519702754,45.9953200488511,3539.811211999997
334,3540,Aiguilles du Tour,Franzoesisch inkl. Lokalsprachen,7.010301506166555,45.994342782097974,3539.7450119999976
335,3897,Aiguille d'Argentière,Franzoesisch inkl. Lokalsprachen,7.0202604376074405,45.9597851972312,3895.951211999998
336,3753,Aiguille de l'A Neuve,Franzoesisch inkl. Lokalsprachen,7.036746783405935,45.952540227771514,3752.145011999997
337,3680,Pointe Kurz,Franzoesisch inkl. Lokalsprachen,7.035726691353389,45.938333386105406,3678.9550119999967
338,3590,Pointe Morin,Franzoesisch inkl. Lokalsprachen,7.036669682646899,45.943502049656416,3588.9550119999967
339,3836,Tour Noir,Franzoesisch inkl. Lokalsprachen,7.037487759415171,45.94887097333118,3835.7225119999985
340,3820,Mont Dolent,Franzoesisch inkl. Lokalsprachen,7.046165679625526,45.92196219846023,3819.452511999998
341,3578,Mont Brulé,Franzoesisch inkl. Lokalsprachen,7.538525016293623,45.95489957990247,3577.0075119999983
342,3578,Mont Braoulè,Franzoesisch inkl. Lokalsprachen,7.538525016293623,45.95489957990247,3577.0075119999983
343,4174,Dent d'Hérens,Franzoesisch inkl. Lokalsprachen,7.605059724026565,45.9699384817956,4172.937511999997
344,4478,Mont Cervin,Franzoesisch inkl. Lokalsprachen,7.658610100685451,45.976413021160134,4477.071211999997
345,4478,Monte Cervino,Italienisch inkl. Lokalsprachen,7.658610100685451,45.976413021160134,4477.071211999997
346,4478,Matterhorn,Hochdeutsch inkl. Lokalsprachen,7.658610100685451,45.976413021160134,4477.071211999997
347,3726,Mont Vélan,Franzoesisch inkl. Lokalsprachen,7.251664118859551,45.89173957636943,3725.3237119999976
348,3587,Grande Tête de By,Franzoesisch inkl. Lokalsprachen,7.298319232648928,45.919485268158226,3586.808711999998
349,3553,Monte Leone,Italienisch inkl. Lokalsprachen,8.110192230403626,46.249449159829425,3552.7437119999977
350,3211,Scherbadung,Hochdeutsch inkl. Lokalsprachen,8.22319127060545,46.32422278444787,3210.180011999997
351,3211,Pizzo Cervandone,Italienisch inkl. Lokalsprachen,8.22319127060545,46.32422278444787,3210.180011999997
352,2793,Pizzo Quadro,Italienisch inkl. Lokalsprachen,8.427750236289071,46.2983307950075,2793.015011999998
353,3149,Becs de Bosson,Franzoesisch inkl. Lokalsprachen,7.5181260286044,46.16794342920811,3148.6887119999974
354,4632,Dunantspitze,Hochdeutsch inkl. Lokalsprachen,7.867773036340846,45.93687801097552,4630.980011999998
355,4632,Pointe Dunant,Franzoesisch inkl. Lokalsprachen,7.867773036340846,45.93687801097552,4630.980011999998
356,4632,Punta Dunant,Italienisch inkl. Lokalsprachen,7.867773036340846,45.93687801097552,4630.980011999998
